Image,TargetSSIM,SelectedRank,ActualSSIM,PSNR,StorageReduction
architecture,0.8,19,0.8048266133387733,27.822209191949533,92.57087707519531
architecture,0.9,34,0.9020218406840489,32.78548628140859,86.70578002929688
architecture,0.95,49,0.9512660164807437,36.90335782121879,80.84068298339844
document,0.8,33,0.8020555772906008,26.580159507340888,74.08376963350784
document,0.9,60,0.9000962755614316,32.21831374438145,52.87958115183247
document,0.95,86,0.9510268590018981,37.316799539536206,32.460732984293195
landscape,0.8,58,0.8026110516623447,28.69642791765085,77.32162475585938
landscape,0.9,101,0.9007256157226786,33.36057356454424,60.50834655761719
landscape,0.95,146,0.9504700054284095,37.61688518371413,42.913055419921875
portrait,0.8,56,0.8020937600350594,29.24359661823299,78.1036376953125
portrait,0.9,107,0.9011860837988226,33.48363446280182,58.16230773925781
portrait,0.95,161,0.9501889353038991,37.55413829001161,37.04795837402344
street,0.8,25,0.8038078598163297,30.074746405539038,86.1049519586105
street,0.9,47,0.9019087767364775,33.76960772458369,73.87730968218773
street,0.95,72,0.9509150801934171,37.15195858650249,59.98226164079823
