image_id,category,complexity,target_ssim,adaptive_rank,actual_ssim,reduction
animal_1,animal,0.3751220703125,0.8,38,0.8047363646653597,70.2545166015625
animal_1,animal,0.3751220703125,0.9,67,0.9004677500059887,47.55401611328125
animal_1,animal,0.3751220703125,0.95,96,0.9505926371892155,24.853515625
animal_10,animal,0.1559295654296875,0.8,22,0.8042519123798608,82.7789306640625
animal_10,animal,0.1559295654296875,0.9,43,0.9013452541548445,66.34063720703125
animal_10,animal,0.1559295654296875,0.95,64,0.9507655898998637,49.90234375
animal_11,animal,0.1440277099609375,0.8,17,0.8025356469166741,86.69281005859375
animal_11,animal,0.1440277099609375,0.9,35,0.9011388131469293,72.60284423828125
animal_11,animal,0.1440277099609375,0.95,55,0.9506678677332219,56.94732666015625
animal_12,animal,0.423309326171875,0.8,36,0.8013803163536374,71.820068359375
animal_12,animal,0.423309326171875,0.9,63,0.9004369235099814,50.68511962890625
animal_12,animal,0.423309326171875,0.95,89,0.9509423356770789,30.33294677734375
animal_13,animal,0.2375640869140625,0.8,25,0.8067120880521093,80.43060302734375
animal_13,animal,0.2375640869140625,0.9,42,0.9008990265515465,67.1234130859375
animal_13,animal,0.2375640869140625,0.95,65,0.9511163360311397,49.11956787109375
animal_14,animal,0.2873992919921875,0.8,23,0.8057107970830053,81.99615478515625
animal_14,animal,0.2873992919921875,0.9,48,0.9004430267492144,62.4267578125
animal_14,animal,0.2873992919921875,0.95,75,0.9511286731052401,41.29180908203125
animal_15,animal,0.29864501953125,0.8,27,0.8017801646968503,78.86505126953125
animal_15,animal,0.29864501953125,0.9,48,0.902818537978363,62.4267578125
animal_15,animal,0.29864501953125,0.95,69,0.9512684542727033,45.98846435546875
animal_2,animal,0.36322021484375,0.8,24,0.801951617269801,81.21337890625
animal_2,animal,0.36322021484375,0.9,40,0.901613131135243,68.68896484375
animal_2,animal,0.36322021484375,0.95,58,0.951129640438953,54.5989990234375
animal_3,animal,0.25,0.8,19,0.8046095073995815,85.12725830078125
animal_3,animal,0.25,0.9,35,0.9033736339595949,72.60284423828125
animal_3,animal,0.25,0.95,52,0.9501922144388067,59.295654296875
animal_4,animal,0.421478271484375,0.8,15,0.8086087380418251,88.25836181640625
animal_4,animal,0.421478271484375,0.9,28,0.9026221936555253,78.082275390625
animal_4,animal,0.421478271484375,0.95,42,0.9522108804956343,67.1234130859375
animal_5,animal,0.2150726318359375,0.8,21,0.8045285021684689,83.56170654296875
animal_5,animal,0.2150726318359375,0.9,36,0.9009865804462245,71.820068359375
animal_5,animal,0.2150726318359375,0.95,53,0.9504972734420133,58.51287841796875
animal_6,animal,0.2109222412109375,0.8,18,0.8082132124478975,85.9100341796875
animal_6,animal,0.2109222412109375,0.9,29,0.9039892206411263,77.29949951171875
animal_6,animal,0.2109222412109375,0.95,41,0.9508607637636489,67.90618896484375
animal_7,animal,0.3588409423828125,0.8,29,0.8002888550576209,77.29949951171875
animal_7,animal,0.3588409423828125,0.9,51,0.9017793783262281,60.07843017578125
animal_7,animal,0.3588409423828125,0.95,74,0.9507248738199596,42.0745849609375
animal_8,animal,0.4361419677734375,0.8,40,0.8001344273054317,68.68896484375
animal_8,animal,0.4361419677734375,0.9,68,0.9014902553939844,46.771240234375
animal_8,animal,0.4361419677734375,0.95,96,0.9510474925172607,24.853515625
animal_9,animal,0.3995819091796875,0.8,29,0.806978028333222,77.29949951171875
animal_9,animal,0.3995819091796875,0.9,49,0.902642097721939,61.64398193359375
animal_9,animal,0.3995819091796875,0.95,71,0.950270574039959,44.42291259765625
architecture_1,architecture,0.3399200439453125,0.8,18,0.8026089356504323,85.9100341796875
architecture_1,architecture,0.3399200439453125,0.9,31,0.9000465511639603,75.73394775390625
architecture_1,architecture,0.3399200439453125,0.95,46,0.9501678152730119,63.9923095703125
architecture_10,architecture,0.3391571044921875,0.8,18,0.801777444670822,85.9100341796875
architecture_10,architecture,0.3391571044921875,0.9,32,0.9039563049917289,74.951171875
architecture_10,architecture,0.3391571044921875,0.95,47,0.9518194670182093,63.20953369140625
architecture_11,architecture,0.3402557373046875,0.8,18,0.803585127280693,85.9100341796875
architecture_11,architecture,0.3402557373046875,0.9,32,0.9036642782825446,74.951171875
architecture_11,architecture,0.3402557373046875,0.95,47,0.9516727025463108,63.20953369140625
architecture_12,architecture,0.339752197265625,0.8,18,0.8021484910939091,85.9100341796875
architecture_12,architecture,0.339752197265625,0.9,32,0.903563886394099,74.951171875
architecture_12,architecture,0.339752197265625,0.95,47,0.9516486741308681,63.20953369140625
architecture_13,architecture,0.33978271484375,0.8,18,0.8046278423633577,85.9100341796875
architecture_13,architecture,0.33978271484375,0.9,31,0.9006409841398307,75.73394775390625
architecture_13,architecture,0.33978271484375,0.95,46,0.950081249680355,63.9923095703125
architecture_14,architecture,0.33984375,0.8,18,0.802056893558282,85.9100341796875
architecture_14,architecture,0.33984375,0.9,32,0.9028869165731512,74.951171875
architecture_14,architecture,0.33984375,0.95,47,0.9516814505267233,63.20953369140625
architecture_15,architecture,0.3417510986328125,0.8,18,0.8011946428370328,85.9100341796875
architecture_15,architecture,0.3417510986328125,0.9,32,0.9031534129321841,74.951171875
architecture_15,architecture,0.3417510986328125,0.95,47,0.9512256098176667,63.20953369140625
architecture_2,architecture,0.3410797119140625,0.8,18,0.8033959717991834,85.9100341796875
architecture_2,architecture,0.3410797119140625,0.9,32,0.9041185907037382,74.951171875
architecture_2,architecture,0.3410797119140625,0.95,46,0.9500557226383276,63.9923095703125
architecture_3,architecture,0.3393707275390625,0.8,18,0.8027989817532605,85.9100341796875
architecture_3,architecture,0.3393707275390625,0.9,32,0.9032159636907494,74.951171875
architecture_3,architecture,0.3393707275390625,0.95,47,0.9517945865246178,63.20953369140625
architecture_4,architecture,0.340118408203125,0.8,18,0.8029293159646671,85.9100341796875
architecture_4,architecture,0.340118408203125,0.9,31,0.9005270468656205,75.73394775390625
architecture_4,architecture,0.340118408203125,0.95,47,0.9507833694617874,63.20953369140625
architecture_5,architecture,0.3403167724609375,0.8,18,0.8036179105372949,85.9100341796875
architecture_5,architecture,0.3403167724609375,0.9,31,0.9007893856520286,75.73394775390625
architecture_5,architecture,0.3403167724609375,0.95,46,0.9508059783629919,63.9923095703125
architecture_6,architecture,0.339111328125,0.8,18,0.8016180534678674,85.9100341796875
architecture_6,architecture,0.339111328125,0.9,32,0.9037999504464143,74.951171875
architecture_6,architecture,0.339111328125,0.95,46,0.95039996132435,63.9923095703125
architecture_7,architecture,0.3406524658203125,0.8,18,0.802535760792591,85.9100341796875
architecture_7,architecture,0.3406524658203125,0.9,32,0.9028947167909095,74.951171875
architecture_7,architecture,0.3406524658203125,0.95,46,0.9503895548362786,63.9923095703125
architecture_8,architecture,0.34075927734375,0.8,18,0.8042184637161723,85.9100341796875
architecture_8,architecture,0.34075927734375,0.9,31,0.9002000552982666,75.73394775390625
architecture_8,architecture,0.34075927734375,0.95,47,0.9512859052152188,63.20953369140625
architecture_9,architecture,0.3402099609375,0.8,18,0.8032222737217852,85.9100341796875
architecture_9,architecture,0.3402099609375,0.9,31,0.9000545641457623,75.73394775390625
architecture_9,architecture,0.3402099609375,0.95,46,0.9501365246199214,63.9923095703125
document_1,document,0.29803466796875,0.8,32,0.8034834453073545,74.951171875
document_1,document,0.29803466796875,0.9,58,0.900358385971113,54.5989990234375
document_1,document,0.29803466796875,0.95,83,0.9505157697626058,35.02960205078125
document_10,document,0.2999725341796875,0.8,31,0.8000172903803353,75.73394775390625
document_10,document,0.2999725341796875,0.9,58,0.9000685692156899,54.5989990234375
document_10,document,0.2999725341796875,0.95,83,0.9509970126351529,35.02960205078125
document_11,document,0.29888916015625,0.8,32,0.8031365372230471,74.951171875
document_11,document,0.29888916015625,0.9,58,0.9001713439629904,54.5989990234375
document_11,document,0.29888916015625,0.95,84,0.9505888830331234,34.246826171875
document_12,document,0.298431396484375,0.8,32,0.8041728257957962,74.951171875
document_12,document,0.298431396484375,0.9,58,0.9004317410568614,54.5989990234375
document_12,document,0.298431396484375,0.95,83,0.9507419451213078,35.02960205078125
document_13,document,0.2987060546875,0.8,32,0.803105851512902,74.951171875
document_13,document,0.2987060546875,0.9,58,0.9015301992495814,54.5989990234375
document_13,document,0.2987060546875,0.95,83,0.9509282483232758,35.02960205078125
document_14,document,0.2994842529296875,0.8,32,0.803568476230653,74.951171875
document_14,document,0.2994842529296875,0.9,59,0.9025150771184403,53.81622314453125
document_14,document,0.2994842529296875,0.95,84,0.9505786773428931,34.246826171875
document_15,document,0.2982635498046875,0.8,32,0.8011575764970386,74.951171875
document_15,document,0.2982635498046875,0.9,59,0.9021286150088437,53.81622314453125
document_15,document,0.2982635498046875,0.95,84,0.9507367090465987,34.246826171875
document_2,document,0.29913330078125,0.8,32,0.8035402076927861,74.951171875
document_2,document,0.29913330078125,0.9,59,0.9020165751936328,53.81622314453125
document_2,document,0.29913330078125,0.95,84,0.9511900231601326,34.246826171875
document_3,document,0.298675537109375,0.8,32,0.8037709090792934,74.951171875
document_3,document,0.298675537109375,0.9,58,0.9008981925267214,54.5989990234375
document_3,document,0.298675537109375,0.95,83,0.950255897055047,35.02960205078125
document_4,document,0.299224853515625,0.8,32,0.8038353591804142,74.951171875
document_4,document,0.299224853515625,0.9,58,0.9001058770756983,54.5989990234375
document_4,document,0.299224853515625,0.95,83,0.9510078379229512,35.02960205078125
document_5,document,0.2977294921875,0.8,32,0.8022010180891206,74.951171875
document_5,document,0.2977294921875,0.9,58,0.9001156122204987,54.5989990234375
document_5,document,0.2977294921875,0.95,83,0.9502862666548343,35.02960205078125
document_6,document,0.299407958984375,0.8,32,0.8021560477016303,74.951171875
document_6,document,0.299407958984375,0.9,59,0.9024780507808315,53.81622314453125
document_6,document,0.299407958984375,0.95,84,0.9503912529012825,34.246826171875
document_7,document,0.2983551025390625,0.8,32,0.8020053544130666,74.951171875
document_7,document,0.2983551025390625,0.9,59,0.9025521684727166,53.81622314453125
document_7,document,0.2983551025390625,0.95,84,0.9501951408578518,34.246826171875
document_8,document,0.2985992431640625,0.8,32,0.8018451276188023,74.951171875
document_8,document,0.2985992431640625,0.9,58,0.9006940374830293,54.5989990234375
document_8,document,0.2985992431640625,0.95,84,0.9509551029322618,34.246826171875
document_9,document,0.2983551025390625,0.8,32,0.8024286188067097,74.951171875
document_9,document,0.2983551025390625,0.9,59,0.9030244692657973,53.81622314453125
document_9,document,0.2983551025390625,0.95,84,0.951288483600449,34.246826171875
indoor_1,indoor,0.2622222900390625,0.8,41,0.8030810650114658,67.90618896484375
indoor_1,indoor,0.2622222900390625,0.9,72,0.9021883995747778,43.64013671875
indoor_1,indoor,0.2622222900390625,0.95,98,0.950584655431895,23.2879638671875
indoor_10,indoor,0.2627410888671875,0.8,41,0.8033660057279778,67.90618896484375
indoor_10,indoor,0.2627410888671875,0.9,72,0.9011396490507771,43.64013671875
indoor_10,indoor,0.2627410888671875,0.95,98,0.9500109489001259,23.2879638671875
indoor_11,indoor,0.2637786865234375,0.8,41,0.8037462293513015,67.90618896484375
indoor_11,indoor,0.2637786865234375,0.9,71,0.9000382293406176,44.42291259765625
indoor_11,indoor,0.2637786865234375,0.95,99,0.9511148171989982,22.50518798828125
indoor_12,indoor,0.26361083984375,0.8,41,0.803242360513151,67.90618896484375
indoor_12,indoor,0.26361083984375,0.9,72,0.9022090781022043,43.64013671875
indoor_12,indoor,0.26361083984375,0.95,98,0.9503586737032328,23.2879638671875
indoor_13,indoor,0.2599639892578125,0.8,41,0.8028923852504279,67.90618896484375
indoor_13,indoor,0.2599639892578125,0.9,72,0.9024100357274022,43.64013671875
indoor_13,indoor,0.2599639892578125,0.95,98,0.9501068972816523,23.2879638671875
indoor_14,indoor,0.262908935546875,0.8,41,0.8041337810980993,67.90618896484375
indoor_14,indoor,0.262908935546875,0.9,72,0.9022491960318225,43.64013671875
indoor_14,indoor,0.262908935546875,0.95,98,0.9505388350064295,23.2879638671875
indoor_15,indoor,0.262359619140625,0.8,40,0.8008688243022463,68.68896484375
indoor_15,indoor,0.262359619140625,0.9,71,0.9014536050488058,44.42291259765625
indoor_15,indoor,0.262359619140625,0.95,98,0.9511757088223577,23.2879638671875
indoor_2,indoor,0.261962890625,0.8,41,0.8039888950380081,67.90618896484375
indoor_2,indoor,0.261962890625,0.9,71,0.900829717045485,44.42291259765625
indoor_2,indoor,0.261962890625,0.95,98,0.9501647211902801,23.2879638671875
indoor_3,indoor,0.261566162109375,0.8,41,0.8033921577190517,67.90618896484375
indoor_3,indoor,0.261566162109375,0.9,71,0.9004214593987124,44.42291259765625
indoor_3,indoor,0.261566162109375,0.95,98,0.9505806908726555,23.2879638671875
indoor_4,indoor,0.2625885009765625,0.8,41,0.80371440797302,67.90618896484375
indoor_4,indoor,0.2625885009765625,0.9,72,0.901876371756503,43.64013671875
indoor_4,indoor,0.2625885009765625,0.95,99,0.9511655653377812,22.50518798828125
indoor_5,indoor,0.2619476318359375,0.8,41,0.8036305157603619,67.90618896484375
indoor_5,indoor,0.2619476318359375,0.9,72,0.9025075896993003,43.64013671875
indoor_5,indoor,0.2619476318359375,0.95,99,0.9511143890664459,22.50518798828125
indoor_6,indoor,0.2633056640625,0.8,40,0.8005608851458222,68.68896484375
indoor_6,indoor,0.2633056640625,0.9,71,0.9004159446119914,44.42291259765625
indoor_6,indoor,0.2633056640625,0.95,98,0.9508606236999079,23.2879638671875
indoor_7,indoor,0.2626953125,0.8,41,0.8021861299025005,67.90618896484375
indoor_7,indoor,0.2626953125,0.9,72,0.9012466819128031,43.64013671875
indoor_7,indoor,0.2626953125,0.95,98,0.9503058446062677,23.2879638671875
indoor_8,indoor,0.2611083984375,0.8,41,0.8045305536049995,67.90618896484375
indoor_8,indoor,0.2611083984375,0.9,72,0.9021157227524904,43.64013671875
indoor_8,indoor,0.2611083984375,0.95,99,0.9512292203931906,22.50518798828125
indoor_9,indoor,0.262725830078125,0.8,40,0.8006200050366564,68.68896484375
indoor_9,indoor,0.262725830078125,0.9,71,0.9000233270330983,44.42291259765625
indoor_9,indoor,0.262725830078125,0.95,98,0.9508699055249856,23.2879638671875
landscape_1,landscape,0.044036865234375,0.8,5,0.8019180281274841,96.08612060546875
landscape_1,landscape,0.044036865234375,0.9,28,0.9009104858845371,78.082275390625
landscape_1,landscape,0.044036865234375,0.95,52,0.9504469978639545,59.295654296875
landscape_10,landscape,0.0440216064453125,0.8,5,0.8052100000433128,96.08612060546875
landscape_10,landscape,0.0440216064453125,0.9,28,0.9023607791227958,78.082275390625
landscape_10,landscape,0.0440216064453125,0.95,52,0.9508306343638973,59.295654296875
landscape_11,landscape,0.042388916015625,0.8,5,0.8030140775104849,96.08612060546875
landscape_11,landscape,0.042388916015625,0.9,29,0.9022851493994648,77.29949951171875
landscape_11,landscape,0.042388916015625,0.95,53,0.9508187626237192,58.51287841796875
landscape_12,landscape,0.0431671142578125,0.8,5,0.803361988202652,96.08612060546875
landscape_12,landscape,0.0431671142578125,0.9,28,0.9001308653232626,78.082275390625
landscape_12,landscape,0.0431671142578125,0.95,52,0.9501303050336101,59.295654296875
landscape_13,landscape,0.044219970703125,0.8,5,0.804921789670047,96.08612060546875
landscape_13,landscape,0.044219970703125,0.9,28,0.9021349819031047,78.082275390625
landscape_13,landscape,0.044219970703125,0.95,52,0.9508923027056194,59.295654296875
landscape_14,landscape,0.0437469482421875,0.8,5,0.8030825432982779,96.08612060546875
landscape_14,landscape,0.0437469482421875,0.9,28,0.900027374933306,78.082275390625
landscape_14,landscape,0.0437469482421875,0.95,53,0.9510256376729412,58.51287841796875
landscape_15,landscape,0.042999267578125,0.8,5,0.807487146504199,96.08612060546875
landscape_15,landscape,0.042999267578125,0.9,27,0.9013889872001598,78.86505126953125
landscape_15,landscape,0.042999267578125,0.95,52,0.9514247590932192,59.295654296875
landscape_2,landscape,0.0429534912109375,0.8,5,0.805261174280877,96.08612060546875
landscape_2,landscape,0.0429534912109375,0.9,28,0.902533093677491,78.082275390625
landscape_2,landscape,0.0429534912109375,0.95,52,0.951219878497704,59.295654296875
landscape_3,landscape,0.0424346923828125,0.8,5,0.8045197310382096,96.08612060546875
landscape_3,landscape,0.0424346923828125,0.9,28,0.9014536817780293,78.082275390625
landscape_3,landscape,0.0424346923828125,0.95,52,0.9501639334448142,59.295654296875
landscape_4,landscape,0.0433502197265625,0.8,5,0.8060945943936463,96.08612060546875
landscape_4,landscape,0.0433502197265625,0.9,28,0.9025489424330707,78.082275390625
landscape_4,landscape,0.0433502197265625,0.95,52,0.9504937864401963,59.295654296875
landscape_5,landscape,0.0431976318359375,0.8,5,0.8030613136482697,96.08612060546875
landscape_5,landscape,0.0431976318359375,0.9,28,0.9006682802794487,78.082275390625
landscape_5,landscape,0.0431976318359375,0.95,52,0.950358351519013,59.295654296875
landscape_6,landscape,0.042083740234375,0.8,5,0.8061638190342101,96.08612060546875
landscape_6,landscape,0.042083740234375,0.9,27,0.9001263383687276,78.86505126953125
landscape_6,landscape,0.042083740234375,0.95,52,0.9505597728716607,59.295654296875
landscape_7,landscape,0.0439300537109375,0.8,5,0.8026013943251215,96.08612060546875
landscape_7,landscape,0.0439300537109375,0.9,28,0.900195315069742,78.082275390625
landscape_7,landscape,0.0439300537109375,0.95,52,0.9501175794268969,59.295654296875
landscape_8,landscape,0.0430450439453125,0.8,5,0.8039278659255237,96.08612060546875
landscape_8,landscape,0.0430450439453125,0.9,28,0.9016401549889661,78.082275390625
landscape_8,landscape,0.0430450439453125,0.95,51,0.9500171362033173,60.07843017578125
landscape_9,landscape,0.043121337890625,0.8,5,0.8067188399055012,96.08612060546875
landscape_9,landscape,0.043121337890625,0.9,28,0.9026717621418876,78.082275390625
landscape_9,landscape,0.043121337890625,0.95,52,0.9506801727513229,59.295654296875
object_1,object,0.20550537109375,0.8,36,0.8021115625500074,71.820068359375
object_1,object,0.20550537109375,0.9,62,0.9008749443985534,51.4678955078125
object_1,object,0.20550537109375,0.95,87,0.9504430453971677,31.89849853515625
object_10,object,0.2042999267578125,0.8,36,0.8034192572808113,71.820068359375
object_10,object,0.2042999267578125,0.9,62,0.9004474572192179,51.4678955078125
object_10,object,0.2042999267578125,0.95,87,0.9507433839726044,31.89849853515625
object_11,object,0.2040557861328125,0.8,35,0.8003045219491334,72.60284423828125
object_11,object,0.2040557861328125,0.9,62,0.9014699994272061,51.4678955078125
object_11,object,0.2040557861328125,0.95,87,0.9512107668713053,31.89849853515625
object_12,object,0.2029571533203125,0.8,36,0.8047532013107365,71.820068359375
object_12,object,0.2029571533203125,0.9,62,0.9009152160777023,51.4678955078125
object_12,object,0.2029571533203125,0.95,87,0.9506268898133596,31.89849853515625
object_13,object,0.2039642333984375,0.8,36,0.8040201432065309,71.820068359375
object_13,object,0.2039642333984375,0.9,62,0.9013161340409077,51.4678955078125
object_13,object,0.2039642333984375,0.95,87,0.9512456599503274,31.89849853515625
object_14,object,0.2036895751953125,0.8,36,0.8049869384459436,71.820068359375
object_14,object,0.2036895751953125,0.9,62,0.9008797936231968,51.4678955078125
object_14,object,0.2036895751953125,0.95,87,0.9514827749374448,31.89849853515625
object_15,object,0.20318603515625,0.8,36,0.8047511164647201,71.820068359375
object_15,object,0.20318603515625,0.9,62,0.9015265498796329,51.4678955078125
object_15,object,0.20318603515625,0.95,87,0.9514224347848416,31.89849853515625
object_2,object,0.2036590576171875,0.8,36,0.80565308116399,71.820068359375
object_2,object,0.2036590576171875,0.9,62,0.9014825469084511,51.4678955078125
object_2,object,0.2036590576171875,0.95,87,0.9508981535492108,31.89849853515625
object_3,object,0.2025299072265625,0.8,36,0.8053063295330926,71.820068359375
object_3,object,0.2025299072265625,0.9,62,0.9022471679339752,51.4678955078125
object_3,object,0.2025299072265625,0.95,86,0.9503190181584052,32.6812744140625
object_4,object,0.203369140625,0.8,36,0.8025175743014064,71.820068359375
object_4,object,0.203369140625,0.9,62,0.9009321914393947,51.4678955078125
object_4,object,0.203369140625,0.95,88,0.9512238592411508,31.11572265625
object_5,object,0.205108642578125,0.8,36,0.8045434723445594,71.820068359375
object_5,object,0.205108642578125,0.9,62,0.900350319033719,51.4678955078125
object_5,object,0.205108642578125,0.95,88,0.9507341193606175,31.11572265625
object_6,object,0.2019500732421875,0.8,35,0.8002503319583617,72.60284423828125
object_6,object,0.2019500732421875,0.9,62,0.9015211507517499,51.4678955078125
object_6,object,0.2019500732421875,0.95,86,0.9504138315817179,32.6812744140625
object_7,object,0.2057647705078125,0.8,36,0.8049211612539665,71.820068359375
object_7,object,0.2057647705078125,0.9,62,0.9016179943902477,51.4678955078125
object_7,object,0.2057647705078125,0.95,87,0.9509649318600211,31.89849853515625
object_8,object,0.20330810546875,0.8,36,0.8036065985314454,71.820068359375
object_8,object,0.20330810546875,0.9,62,0.9021321741617888,51.4678955078125
object_8,object,0.20330810546875,0.95,87,0.9508999625301248,31.89849853515625
object_9,object,0.205108642578125,0.8,36,0.8034159851678737,71.820068359375
object_9,object,0.205108642578125,0.9,62,0.901183874123317,51.4678955078125
object_9,object,0.205108642578125,0.95,87,0.9501077547109027,31.89849853515625
portrait_1,portrait,0.371429443359375,0.8,36,0.8035537926770336,71.820068359375
portrait_1,portrait,0.371429443359375,0.9,60,0.9018204467765978,53.033447265625
portrait_1,portrait,0.371429443359375,0.95,83,0.9505352612289205,35.02960205078125
portrait_10,portrait,0.373016357421875,0.8,36,0.8044510666263486,71.820068359375
portrait_10,portrait,0.373016357421875,0.9,59,0.9009723536962294,53.81622314453125
portrait_10,portrait,0.373016357421875,0.95,84,0.9513397507217493,34.246826171875
portrait_11,portrait,0.372833251953125,0.8,36,0.8034068658513509,71.820068359375
portrait_11,portrait,0.372833251953125,0.9,59,0.900039521455478,53.81622314453125
portrait_11,portrait,0.372833251953125,0.95,83,0.950801780991737,35.02960205078125
portrait_12,portrait,0.3723297119140625,0.8,36,0.803558910373383,71.820068359375
portrait_12,portrait,0.3723297119140625,0.9,60,0.9027035685891853,53.033447265625
portrait_12,portrait,0.3723297119140625,0.95,84,0.9512532121927371,34.246826171875
portrait_13,portrait,0.373077392578125,0.8,36,0.8030484441893684,71.820068359375
portrait_13,portrait,0.373077392578125,0.9,59,0.9005221270950537,53.81622314453125
portrait_13,portrait,0.373077392578125,0.95,83,0.9510115721238876,35.02960205078125
portrait_14,portrait,0.3724212646484375,0.8,36,0.8029579895328295,71.820068359375
portrait_14,portrait,0.3724212646484375,0.9,60,0.9018205554648784,53.033447265625
portrait_14,portrait,0.3724212646484375,0.95,83,0.950719674571034,35.02960205078125
portrait_15,portrait,0.3724365234375,0.8,36,0.8035683430952602,71.820068359375
portrait_15,portrait,0.3724365234375,0.9,59,0.9003819244608314,53.81622314453125
portrait_15,portrait,0.3724365234375,0.95,83,0.9507329934174898,35.02960205078125
portrait_2,portrait,0.3731689453125,0.8,36,0.801564608648807,71.820068359375
portrait_2,portrait,0.3731689453125,0.9,60,0.9025405239810548,53.033447265625
portrait_2,portrait,0.3731689453125,0.95,83,0.9503633321561571,35.02960205078125
portrait_3,portrait,0.37322998046875,0.8,36,0.8038110853557372,71.820068359375
portrait_3,portrait,0.37322998046875,0.9,59,0.9002171801613903,53.81622314453125
portrait_3,portrait,0.37322998046875,0.95,83,0.9505367857178628,35.02960205078125
portrait_4,portrait,0.371490478515625,0.8,36,0.803189716878007,71.820068359375
portrait_4,portrait,0.371490478515625,0.9,59,0.9001026352239595,53.81622314453125
portrait_4,portrait,0.371490478515625,0.95,83,0.9507319331953307,35.02960205078125
portrait_5,portrait,0.3733062744140625,0.8,36,0.8032859511763872,71.820068359375
portrait_5,portrait,0.3733062744140625,0.9,59,0.9001945619610477,53.81622314453125
portrait_5,portrait,0.3733062744140625,0.95,83,0.9509310811876429,35.02960205078125
portrait_6,portrait,0.37322998046875,0.8,36,0.8044195262202537,71.820068359375
portrait_6,portrait,0.37322998046875,0.9,59,0.9002991521720434,53.81622314453125
portrait_6,portrait,0.37322998046875,0.95,83,0.9503683405980418,35.02960205078125
portrait_7,portrait,0.372406005859375,0.8,36,0.8035459649393853,71.820068359375
portrait_7,portrait,0.372406005859375,0.9,59,0.9003449070462874,53.81622314453125
portrait_7,portrait,0.372406005859375,0.95,83,0.9502609364792843,35.02960205078125
portrait_8,portrait,0.3735809326171875,0.8,36,0.8025115025211232,71.820068359375
portrait_8,portrait,0.3735809326171875,0.9,59,0.9000954524665626,53.81622314453125
portrait_8,portrait,0.3735809326171875,0.95,83,0.9509188378803625,35.02960205078125
portrait_9,portrait,0.3727569580078125,0.8,36,0.8034288999058878,71.820068359375
portrait_9,portrait,0.3727569580078125,0.9,60,0.902296113717692,53.033447265625
portrait_9,portrait,0.3727569580078125,0.95,84,0.9512596162237905,34.246826171875
sports_1,sports,0.1236419677734375,0.8,8,0.8058987384275671,93.73779296875
sports_1,sports,0.1236419677734375,0.9,32,0.9022198569188612,74.951171875
sports_1,sports,0.1236419677734375,0.95,60,0.9501125374091246,53.033447265625
sports_10,sports,0.123809814453125,0.8,8,0.8057448658949221,93.73779296875
sports_10,sports,0.123809814453125,0.9,32,0.9007433603474313,74.951171875
sports_10,sports,0.123809814453125,0.95,61,0.9502502931711926,52.25067138671875
sports_11,sports,0.121002197265625,0.8,8,0.8077683369978043,93.73779296875
sports_11,sports,0.121002197265625,0.9,31,0.9001606198605737,75.73394775390625
sports_11,sports,0.121002197265625,0.95,60,0.950143671615415,53.033447265625
sports_12,sports,0.1219635009765625,0.8,8,0.8069179082963324,93.73779296875
sports_12,sports,0.1219635009765625,0.9,32,0.9014563384492975,74.951171875
sports_12,sports,0.1219635009765625,0.95,60,0.9502033294339342,53.033447265625
sports_13,sports,0.122314453125,0.8,8,0.8048842368050023,93.73779296875
sports_13,sports,0.122314453125,0.9,33,0.9020656130718815,74.16839599609375
sports_13,sports,0.122314453125,0.95,61,0.950010430923275,52.25067138671875
sports_14,sports,0.122406005859375,0.8,8,0.8059837084685585,93.73779296875
sports_14,sports,0.122406005859375,0.9,32,0.9009980594387478,74.951171875
sports_14,sports,0.122406005859375,0.95,61,0.9504533153192236,52.25067138671875
sports_15,sports,0.1220245361328125,0.8,8,0.807933412073656,93.73779296875
sports_15,sports,0.1220245361328125,0.9,32,0.9016941351508166,74.951171875
sports_15,sports,0.1220245361328125,0.95,61,0.9510644238050484,52.25067138671875
sports_2,sports,0.1218719482421875,0.8,8,0.8034731623628174,93.73779296875
sports_2,sports,0.1218719482421875,0.9,33,0.9017802638532774,74.16839599609375
sports_2,sports,0.1218719482421875,0.95,62,0.9505042831589989,51.4678955078125
sports_3,sports,0.1224517822265625,0.8,8,0.8061314259665123,93.73779296875
sports_3,sports,0.1224517822265625,0.9,32,0.9009562923777521,74.951171875
sports_3,sports,0.1224517822265625,0.95,61,0.950058901491499,52.25067138671875
sports_4,sports,0.1221771240234375,0.8,8,0.8066030441043885,93.73779296875
sports_4,sports,0.1221771240234375,0.9,32,0.9003769824216435,74.951171875
sports_4,sports,0.1221771240234375,0.95,61,0.9502214100840455,52.25067138671875
sports_5,sports,0.121002197265625,0.8,8,0.8051654866836598,93.73779296875
sports_5,sports,0.121002197265625,0.9,32,0.9001511315334981,74.951171875
sports_5,sports,0.121002197265625,0.95,61,0.9500320248764261,52.25067138671875
sports_6,sports,0.1217041015625,0.8,8,0.8037797146959144,93.73779296875
sports_6,sports,0.1217041015625,0.9,33,0.9018807906170188,74.16839599609375
sports_6,sports,0.1217041015625,0.95,61,0.9501237784893178,52.25067138671875
sports_7,sports,0.121002197265625,0.8,8,0.8026741152729383,93.73779296875
sports_7,sports,0.121002197265625,0.9,33,0.9005087654423276,74.16839599609375
sports_7,sports,0.121002197265625,0.95,62,0.950161650194679,51.4678955078125
sports_8,sports,0.1223602294921875,0.8,8,0.8045627484252259,93.73779296875
sports_8,sports,0.1223602294921875,0.9,33,0.9012693298819997,74.16839599609375
sports_8,sports,0.1223602294921875,0.95,62,0.9508553276899504,51.4678955078125
sports_9,sports,0.12091064453125,0.8,8,0.8069226365094634,93.73779296875
sports_9,sports,0.12091064453125,0.9,32,0.9012477171695505,74.951171875
sports_9,sports,0.12091064453125,0.95,61,0.9509234622765749,52.25067138671875
