image_id,category,adaptive_rank,fixed_rank,target_met_by_fixed,excess_rank
animal_1,animal,67,75,True,8
animal_10,animal,43,75,True,32
animal_11,animal,35,75,True,40
animal_12,animal,63,75,True,12
animal_13,animal,42,75,True,33
animal_14,animal,48,75,True,27
animal_15,animal,48,75,True,27
animal_2,animal,40,75,True,35
animal_3,animal,35,75,True,40
animal_4,animal,28,75,True,47
animal_5,animal,36,75,True,39
animal_6,animal,29,75,True,46
animal_7,animal,51,75,True,24
animal_8,animal,68,75,True,7
animal_9,animal,49,75,True,26
architecture_1,architecture,31,75,True,44
architecture_10,architecture,32,75,True,43
architecture_11,architecture,32,75,True,43
architecture_12,architecture,32,75,True,43
architecture_13,architecture,31,75,True,44
architecture_14,architecture,32,75,True,43
architecture_15,architecture,32,75,True,43
architecture_2,architecture,32,75,True,43
architecture_3,architecture,32,75,True,43
architecture_4,architecture,31,75,True,44
architecture_5,architecture,31,75,True,44
architecture_6,architecture,32,75,True,43
architecture_7,architecture,32,75,True,43
architecture_8,architecture,31,75,True,44
architecture_9,architecture,31,75,True,44
document_1,document,58,75,True,17
document_10,document,58,75,True,17
document_11,document,58,75,True,17
document_12,document,58,75,True,17
document_13,document,58,75,True,17
document_14,document,59,75,True,16
document_15,document,59,75,True,16
document_2,document,59,75,True,16
document_3,document,58,75,True,17
document_4,document,58,75,True,17
document_5,document,58,75,True,17
document_6,document,59,75,True,16
document_7,document,59,75,True,16
document_8,document,58,75,True,17
document_9,document,59,75,True,16
indoor_1,indoor,72,75,True,3
indoor_10,indoor,72,75,True,3
indoor_11,indoor,71,75,True,4
indoor_12,indoor,72,75,True,3
indoor_13,indoor,72,75,True,3
indoor_14,indoor,72,75,True,3
indoor_15,indoor,71,75,True,4
indoor_2,indoor,71,75,True,4
indoor_3,indoor,71,75,True,4
indoor_4,indoor,72,75,True,3
indoor_5,indoor,72,75,True,3
indoor_6,indoor,71,75,True,4
indoor_7,indoor,72,75,True,3
indoor_8,indoor,72,75,True,3
indoor_9,indoor,71,75,True,4
landscape_1,landscape,28,75,True,47
landscape_10,landscape,28,75,True,47
landscape_11,landscape,29,75,True,46
landscape_12,landscape,28,75,True,47
landscape_13,landscape,28,75,True,47
landscape_14,landscape,28,75,True,47
landscape_15,landscape,27,75,True,48
landscape_2,landscape,28,75,True,47
landscape_3,landscape,28,75,True,47
landscape_4,landscape,28,75,True,47
landscape_5,landscape,28,75,True,47
landscape_6,landscape,27,75,True,48
landscape_7,landscape,28,75,True,47
landscape_8,landscape,28,75,True,47
landscape_9,landscape,28,75,True,47
object_1,object,62,75,True,13
object_10,object,62,75,True,13
object_11,object,62,75,True,13
object_12,object,62,75,True,13
object_13,object,62,75,True,13
object_14,object,62,75,True,13
object_15,object,62,75,True,13
object_2,object,62,75,True,13
object_3,object,62,75,True,13
object_4,object,62,75,True,13
object_5,object,62,75,True,13
object_6,object,62,75,True,13
object_7,object,62,75,True,13
object_8,object,62,75,True,13
object_9,object,62,75,True,13
portrait_1,portrait,60,75,True,15
portrait_10,portrait,59,75,True,16
portrait_11,portrait,59,75,True,16
portrait_12,portrait,60,75,True,15
portrait_13,portrait,59,75,True,16
portrait_14,portrait,60,75,True,15
portrait_15,portrait,59,75,True,16
portrait_2,portrait,60,75,True,15
portrait_3,portrait,59,75,True,16
portrait_4,portrait,59,75,True,16
portrait_5,portrait,59,75,True,16
portrait_6,portrait,59,75,True,16
portrait_7,portrait,59,75,True,16
portrait_8,portrait,59,75,True,16
portrait_9,portrait,60,75,True,15
sports_1,sports,32,75,True,43
sports_10,sports,32,75,True,43
sports_11,sports,31,75,True,44
sports_12,sports,32,75,True,43
sports_13,sports,33,75,True,42
sports_14,sports,32,75,True,43
sports_15,sports,32,75,True,43
sports_2,sports,33,75,True,42
sports_3,sports,32,75,True,43
sports_4,sports,32,75,True,43
sports_5,sports,32,75,True,43
sports_6,sports,33,75,True,42
sports_7,sports,33,75,True,42
sports_8,sports,33,75,True,42
sports_9,sports,32,75,True,43
