ImageID,Label,OriginalHeight,OriginalWidth,Complexity,TargetSSIM,SelectedRank,RankPercentage,ActualSSIM,PSNR,StorageReduction
0,0,500,500,0.48126,0.9,146,29.2,0.9001557474529319,29.503487760009858,41.5416
1,0,500,500,0.293616,0.9,126,25.2,0.9003172593649663,31.25084874211408,49.549600000000005
2,0,500,500,0.505728,0.9,250,50.0,0.9008113359313622,30.983570780435908,-0.09999999999998899
3,0,500,500,0.541496,0.9,165,33.0,0.9008116993608537,30.019377200759948,33.934
4,0,500,500,0.220648,0.9,151,30.2,0.900455371226915,33.975297636832416,39.5396
5,0,500,500,0.226688,0.9,146,29.2,0.9000569677178977,33.545259752521396,41.5416
6,0,500,500,0.337372,0.9,126,25.2,0.9000092689069875,31.684193943105686,49.549600000000005
7,0,500,500,0.248692,0.9,101,20.200000000000003,0.9006379163449149,32.97949093390241,59.5596
8,0,500,500,0.45956,0.9,173,34.599999999999994,0.9007248276687617,31.515575390212934,30.730800000000002
9,0,500,500,0.384452,0.9,173,34.599999999999994,0.9001074206395067,31.26631517766252,30.730800000000002
10,0,500,500,0.671184,0.9,233,46.6,0.9002049853934722,27.150034932939015,6.706800000000001
11,0,500,500,0.221256,0.9,139,27.800000000000004,0.9005679360436032,32.80699860569542,44.34439999999999
12,0,500,500,0.29746,0.9,126,25.2,0.900641381846428,31.899591174702266,49.549600000000005
13,0,500,500,0.470928,0.9,157,31.4,0.9003400835967522,30.52546267477179,37.13720000000001
14,0,500,500,0.273704,0.9,122,24.4,0.9001447104427459,33.309915498818825,51.151199999999996
15,0,500,500,0.269072,0.9,138,27.6,0.9004839005864932,31.94628001855677,44.7448
16,0,500,500,0.31652,0.9,136,27.200000000000003,0.9007250751557843,32.209532872249056,45.5456
17,0,500,500,0.661368,0.9,247,49.4,0.9006298625619334,28.332744677893686,1.1012000000000022
18,0,500,500,0.343996,0.9,127,25.4,0.9008106597797388,30.883429965604748,49.14920000000001
19,0,500,500,0.363724,0.9,164,32.800000000000004,0.9007486833503041,31.045091920659317,34.334399999999995
20,0,500,500,0.292788,0.9,173,34.599999999999994,0.9002950793484777,33.25878591210193,30.730800000000002
21,0,500,500,0.239304,0.9,168,33.6,0.9001192346427674,33.825511093562724,32.7328
22,0,500,500,0.268352,0.9,154,30.8,0.9001352865504311,32.8504422119545,38.33839999999999
23,0,500,500,0.26018,0.9,101,20.200000000000003,0.9000227989868635,32.32387040059888,59.5596
24,0,500,500,0.493016,0.9,239,47.8,0.9002219731073896,31.11001921402146,4.304399999999998
25,0,500,500,0.25152,0.9,156,31.2,0.9007235604569596,33.35727298741744,37.537600000000005
26,0,500,500,0.343096,0.9,137,27.400000000000002,0.9003793485324524,31.2774328297963,45.145199999999996
27,0,500,500,0.306868,0.9,130,26.0,0.9005420963667571,32.052725266466524,47.948
28,0,500,500,0.29642,0.9,156,31.2,0.9004223857121713,32.65122375432875,37.537600000000005
29,0,500,500,0.262524,0.9,124,24.8,0.9008548986294729,32.55201652774253,50.35039999999999
30,0,500,500,0.21616,0.9,127,25.4,0.9000542520964588,32.549316044224355,49.14920000000001
31,0,500,500,0.228248,0.9,128,25.6,0.9000714953766593,33.74988033742107,48.7488
32,0,500,500,0.20226,0.9,120,24.0,0.9010299795582865,32.948271293766624,51.952
33,0,500,500,0.21988,0.9,153,30.599999999999998,0.9007502307573098,33.684835063506846,38.7388
34,0,500,500,0.280992,0.9,110,22.0,0.9009290476235798,33.61996135560814,55.956
35,0,500,500,0.257464,0.9,126,25.2,0.9005533816934332,33.03619595604975,49.549600000000005
36,0,500,500,0.32578,0.9,95,19.0,0.9009260624554908,32.03586121536754,61.962
37,0,500,500,0.320512,0.9,132,26.400000000000002,0.9006377508517814,31.871038143557662,47.1472
38,0,500,500,0.419896,0.9,114,22.8,0.9012349020950897,30.862729560160318,54.354400000000005
39,0,500,500,0.155556,0.9,138,27.6,0.9009244566945701,34.87237947088697,44.7448
40,0,500,500,0.311688,0.9,126,25.2,0.900542815209962,32.269690648672665,49.549600000000005
41,0,500,500,0.250676,0.9,142,28.4,0.901138802290283,32.652796988556176,43.14320000000001
42,0,500,500,0.47716,0.9,102,20.4,0.9012164534627723,30.34586174638774,59.1592
43,0,500,500,0.393144,0.9,127,25.4,0.9009078933734637,31.23199342085773,49.14920000000001
44,1,500,500,0.331816,0.9,83,16.6,0.9004074799146214,32.12981718513565,66.76679999999999
45,1,500,500,0.2314,0.9,115,23.0,0.900294109307397,32.418494906349444,53.954
46,1,500,500,0.268172,0.9,127,25.4,0.9010073597219316,33.73093014271498,49.14920000000001
47,1,500,500,0.335472,0.9,183,36.6,0.9002291404016552,32.03778421112232,26.726799999999994
48,1,500,500,0.326056,0.9,130,26.0,0.9001783895285796,32.26966967656557,47.948
49,1,500,500,0.663332,0.9,163,32.6,0.9001866240719557,27.666029667084395,34.7348
50,1,500,500,0.277344,0.9,110,22.0,0.9006385004327807,33.398676306470556,55.956
51,1,500,500,0.254132,0.9,130,26.0,0.9002975504315965,31.88545492887127,47.948
52,1,500,500,0.427412,0.9,149,29.799999999999997,0.9011010010097033,31.17614220762665,40.340399999999995
53,1,500,500,0.532464,0.9,173,34.599999999999994,0.9002704138470925,29.859899032881536,30.730800000000002
54,1,500,500,0.514648,0.9,205,41.0,0.9005660728383303,29.86636302947018,17.918
55,1,500,500,0.401196,0.9,179,35.8,0.9005227488733739,31.759142425935856,28.3284
56,1,500,500,0.355156,0.9,114,22.8,0.9000924056565207,31.376067056387985,54.354400000000005
57,1,500,500,0.33482,0.9,105,21.0,0.9005497242831094,31.786516509082247,57.958
58,1,500,500,0.608048,0.9,212,42.4,0.9008699804104344,28.666917387339264,15.115199999999994
59,1,500,500,0.331764,0.9,123,24.6,0.9001673786849794,32.94665752268712,50.750800000000005
60,1,500,500,0.304416,0.9,157,31.4,0.9005493160426914,31.382007789795985,37.13720000000001
61,1,500,500,0.27454,0.9,95,19.0,0.9006235876441032,33.57945768097412,61.962
62,1,500,500,0.2409,0.9,104,20.8,0.9011494949008804,34.31073533595276,58.358399999999996
63,1,500,500,0.457316,0.9,193,38.6,0.9000769269943092,30.952030220996754,22.7228
64,1,500,500,0.403488,0.9,102,20.4,0.9010509690449396,32.370276790684755,59.1592
65,1,500,500,0.325572,0.9,141,28.199999999999996,0.9008026571210203,32.111816734875504,43.543600000000005
66,1,500,500,0.436,0.9,133,26.6,0.9004328563660212,30.5882735688156,46.7468
67,1,500,500,0.194104,0.9,109,21.8,0.900615625231851,34.441736527518124,56.356399999999994
68,1,500,500,0.241412,0.9,92,18.4,0.9001284902063423,33.797259818772794,63.163199999999996
69,1,500,500,0.360368,0.9,157,31.4,0.9008514141765745,30.877006010402283,37.13720000000001
70,1,500,500,0.275316,0.9,111,22.2,0.9003584217770438,33.1225814246335,55.55559999999999
71,1,500,500,0.320764,0.9,112,22.400000000000002,0.9001751022493574,31.688104012637346,55.15520000000001
72,1,500,500,0.446268,0.9,104,20.8,0.9001151518060843,30.31325213194707,58.358399999999996
73,1,500,500,0.3166,0.9,132,26.400000000000002,0.901176582480038,32.41606843769193,47.1472
74,1,500,500,0.320912,0.9,120,24.0,0.9011516781887243,32.90036068652593,51.952
75,1,500,500,0.189708,0.9,91,18.2,0.9009506050331363,34.46972608986714,63.5636
76,1,500,500,0.359392,0.9,166,33.2,0.9004917291955885,31.668305091374947,33.5336
77,1,500,500,0.224356,0.9,100,20.0,0.9003812429513659,34.22374851113148,59.96
78,1,500,500,0.419716,0.9,150,30.0,0.9008837173140977,30.550405900149187,39.94
79,1,500,500,0.246476,0.9,108,21.6,0.9007021623456364,34.072943331832334,56.756800000000005
80,1,500,500,0.444848,0.9,138,27.6,0.9011031690574839,30.240779873576138,44.7448
81,1,500,500,0.314696,0.9,94,18.8,0.9014710159189293,33.03805317817829,62.362399999999994
82,1,500,500,0.456772,0.9,136,27.200000000000003,0.9009922529884955,30.23842614008423,45.5456
83,1,500,500,0.228252,0.9,121,24.2,0.9003217349337004,32.68013084989109,51.5516
84,1,500,500,0.548408,0.9,227,45.4,0.900052119718187,29.505938635045975,9.109199999999994
85,1,500,500,0.191372,0.9,101,20.200000000000003,0.9005620579158083,34.879438045829005,59.5596
86,1,500,500,0.361636,0.9,128,25.6,0.9001536867333556,31.355753792518403,48.7488
87,1,500,500,0.207916,0.9,83,16.6,0.9007107842537935,34.48209733812464,66.76679999999999
88,1,500,500,0.340608,0.9,173,34.599999999999994,0.9000793779007101,32.07988903075767,30.730800000000002
89,2,500,500,0.47456,0.9,215,43.0,0.9001901107824603,30.137666789923443,13.914000000000005
90,2,500,500,0.227572,0.9,129,25.8,0.9000119858329693,32.54367045798105,48.348400000000005
91,2,500,500,0.431224,0.9,209,41.8,0.9004268998237009,31.464546786927038,16.316399999999998
92,2,500,500,0.504192,0.9,185,37.0,0.9000794264611996,29.43586555216808,25.926000000000005
93,2,500,500,0.272016,0.9,148,29.599999999999998,0.9007056202384508,32.6150979639051,40.7408
94,2,500,500,0.443624,0.9,181,36.199999999999996,0.9003735711631338,30.77725063437835,27.527599999999996
95,2,500,500,0.434332,0.9,178,35.6,0.9008867841165884,30.22036489297157,28.7288
96,2,500,500,0.412484,0.9,157,31.4,0.9006644334106307,30.53503578417736,37.13720000000001
97,2,500,500,0.425948,0.9,195,39.0,0.9006163421854816,30.882690735253412,21.921999999999997
98,2,500,500,0.544408,0.9,173,34.599999999999994,0.9003798942364791,28.930507151489856,30.730800000000002
99,2,500,500,0.362924,0.9,132,26.400000000000002,0.9003547318744208,31.274779054426244,47.1472
